{"cameraMode":{"drawMode":0,"name":"Shaded","section":"Shading Mode"},"sceneLighting":true,"audioPlay":false,"sceneViewState":{"showFog":true,"showMaterialUpdate":false,"showSkybox":true,"showFlares":true,"showImageEffects":true,"showParticleSystems":true},"in2DMode":false,"pivot":{"x":10.210772514343262,"y":1.9023855924606324,"z":-6.5404276847839359},"rotation":{"x":-0.1344505399465561,"y":0.8108203411102295,"z":-0.20515450835227967,"w":-0.5314595699310303},"size":515.8865356445313,"orthographic":false}