{"cameraMode":{"drawMode":0,"name":"Shaded","section":"Shading Mode"},"sceneLighting":false,"audioPlay":false,"sceneViewState":{"showFog":true,"showMaterialUpdate":false,"showSkybox":true,"showFlares":true,"showImageEffects":true,"showParticleSystems":true},"in2DMode":false,"pivot":{"x":-184.7481231689453,"y":0.5099918842315674,"z":65.8105239868164},"rotation":{"x":-0.17446479201316834,"y":0.14475612342357636,"z":-0.025944525375962259,"w":-0.9736284017562866},"size":21.7161865234375,"orthographic":false}