{"cameraMode":{"drawMode":0,"name":"Shaded","section":"Shading Mode"},"sceneLighting":false,"audioPlay":false,"sceneViewState":{"showFog":true,"showMaterialUpdate":false,"showSkybox":false,"showFlares":true,"showImageEffects":true,"showParticleSystems":true},"in2DMode":false,"pivot":{"x":-85.69998931884766,"y":5.246104717254639,"z":46.22920227050781},"rotation":{"x":-0.010646804235875607,"y":0.9394943118095398,"z":-0.34114354848861697,"w":-0.02932082489132881},"size":836.808349609375,"orthographic":false}