{"cameraMode":{"drawMode":0,"name":"Shaded","section":"Shading Mode"},"sceneLighting":true,"audioPlay":false,"sceneViewState":{"showFog":true,"showMaterialUpdate":false,"showSkybox":true,"showFlares":true,"showImageEffects":true,"showParticleSystems":true},"in2DMode":false,"pivot":{"x":-1.5676231384277344,"y":0.8208084106445313,"z":1.314638614654541},"rotation":{"x":0.10137112438678742,"y":-0.7728464007377625,"z":0.12774431705474854,"w":0.6132874488830566},"size":12.428430557250977,"orthographic":false}