{"cameraMode":{"drawMode":0,"name":"Shaded","section":"Shading Mode"},"sceneLighting":true,"audioPlay":false,"sceneViewState":{"showFog":true,"showMaterialUpdate":false,"showSkybox":true,"showFlares":true,"showImageEffects":true,"showParticleSystems":true},"in2DMode":false,"pivot":{"x":0.42081427574157717,"y":1.0962899923324586,"z":-7.853242874145508},"rotation":{"x":-0.23473818600177766,"y":-0.6823511719703674,"z":0.24777169525623322,"w":-0.6464590430259705},"size":4.947729587554932,"orthographic":false}