{"cameraMode":{"drawMode":0,"name":"Shaded","section":"Shading Mode"},"sceneLighting":true,"audioPlay":false,"sceneViewState":{"showFog":true,"showMaterialUpdate":false,"showSkybox":true,"showFlares":true,"showImageEffects":true,"showParticleSystems":true},"in2DMode":false,"pivot":{"x":20.808502197265626,"y":24.15140724182129,"z":-10.988525390625},"rotation":{"x":-0.011323983781039715,"y":0.9854480624198914,"z":0.1531621515750885,"w":0.07285916060209274},"size":107.3774185180664,"orthographic":false}